EnsemblID,gene,baseMean,baseMean_Group1,baseMean_Group4,log2FoldChange,lfcSE,stat,pvalue,padj
ENSG00000113356,POLR3G,567.713435311026,981.728595450135,153.698275171916,-2.67536851007662,0.542054439548612,-4.93560851988315,7.9901237090462e-07,0.0262643356440058
ENSG00000100196,KDELR3,446.930868592463,746.080309827069,147.781427357857,-2.33657025419823,0.546089194762919,-4.27873372446534,1.87959554796509e-05,0.114476245664602
ENSG00000144895,EIF2A,1819.18783742493,3067.78924324181,570.586431608049,-2.42645840797617,0.570027693631249,-4.25673776043913,2.07431423609818e-05,0.114476245664602
ENSG00000159658,EFCAB14,1938.96325382315,3132.50016512137,745.426342524932,-2.07110549107535,0.486734838715982,-4.25510016200808,2.08955454348092e-05,0.114476245664602
ENSG00000168398,BDKRB2,77.0944188473662,11.3810448696822,142.80779282505,3.67023803086265,0.834737278493836,4.39687806621632,1.09818996066093e-05,0.114476245664602
ENSG00000196850,PPTC7,1763.92816082669,2853.36403127409,674.492290379291,-2.08089485793418,0.48849105641009,-4.25984228498805,2.0457120082022e-05,0.114476245664602
ENSG00000169241,SLC50A1,816.360955506675,1301.21284077916,331.509070234186,-1.97299080046433,0.504979175063121,-3.90707359410951,9.34207061197084e-05,0.403408498383353
ENSG00000175582,RAB6A,2754.75053502353,4303.3024766964,1206.19859335066,-1.83495011579047,0.471098355292344,-3.89504674592162,9.81797933457096e-05,0.403408498383353
ENSG00000109519,GRPEL1,2149.75675391207,3335.53473551446,963.978772309676,-1.79089117464952,0.475952065040242,-3.76275534070453,0.000168051585971207,0.540156121688173
ENSG00000135446,CDK4,3305.40858665956,5120.93221233933,1489.88496097979,-1.78121747255999,0.475689932414131,-3.74449268564565,0.000180758642528974,0.540156121688173
ENSG00000204682,CASC10,697.518602028321,235.99247251796,1159.04473153868,2.29628761754832,0.613210003301823,3.74470019273003,0.000180609317074196,0.540156121688173
ENSG00000100526,CDKN3,1581.06966470584,2622.63950693041,539.499822481266,-2.28152434953698,0.619263622101208,-3.68425379452388,0.000229373612465215,0.628311667945341
ENSG00000269343,ZNF587B,350.529998289808,568.611155174606,132.448841405011,-2.10223396266339,0.58431174656586,-3.59779514106762,0.000320926230305337,0.811474316643596
ENSG00000172340,SUCLG2,2396.43448200321,3761.21844779062,1031.6505162158,-1.8661158760166,0.524585227990786,-3.55731685995813,0.000374662131955462,0.879679924250571
ENSG00000003989,SLC7A2,1367.74242008963,1810.35816096997,925.126679209297,-0.968477082732776,0.489827812120873,-1.97717863046492,0.0480214422270546,0.999647650132259
ENSG00000004799,PDK4,685.795753698116,247.169656024131,1124.4218513721,2.18553230375701,0.855819439654461,2.55373061476545,0.0106575676050305,0.999647650132259
ENSG00000004897,CDC27,4742.05351924208,6731.86909130486,2752.2379471793,-1.29041359782538,0.491348351448614,-2.62627033146834,0.00863262271881303,0.999647650132259
ENSG00000005001,PRSS22,100.035366389126,35.4298386222443,164.640894156009,2.21707704484472,0.643646540636215,3.44455676348892,0.000571996518363742,0.999647650132259
ENSG00000005100,DHX33,2146.94159726027,2929.22517244946,1364.65802207109,-1.10211698536669,0.553330856980117,-1.99178659831417,0.0463944773006528,0.999647650132259
ENSG00000006210,CX3CL1,535.808975539834,200.055722020264,871.562229059404,2.12464350197819,1.07314331376994,1.97983202682811,0.0477224063430895,0.999647650132259
ENSG00000008282,SYPL1,3730.9383257553,5696.6584088747,1765.2182426359,-1.69032152467598,0.518012052259026,-3.26309304446599,0.00110203332141999,0.999647650132259
ENSG00000012660,ELOVL5,4946.81410957177,7483.30190445271,2410.32631469082,-1.63446726358375,0.472535964405584,-3.45892669913452,0.00054233247760124,0.999647650132259
ENSG00000018625,ATP1A2,23.4357893957036,7.8564359722732,39.0151428191339,2.32712374305828,1.08506405967093,2.14468788484622,0.0319778101984412,0.999647650132259
ENSG00000021826,CPS1,88.0757962926686,130.549941783278,45.6016508020592,-1.5203196879123,0.746642706379423,-2.03620778040482,0.0417294953234062,0.999647650132259
ENSG00000031691,CENPQ,620.566976440019,1010.64355419272,230.490398687316,-2.13316366940984,0.792901323966575,-2.69032678459718,0.00713820813051009,0.999647650132259
ENSG00000039068,CDH1,106.776984458518,26.9819302747942,186.572038642242,2.7850377467748,1.2661199539069,2.19966341907885,0.0278307840123646,0.999647650132259
ENSG00000047346,FAM214A,494.935200274504,293.053563998697,696.81683655031,1.25013619614983,0.568708772380509,2.19820100702333,0.0279347849583012,0.999647650132259
ENSG00000047597,XK,294.105318174406,456.354807686621,131.85582866219,-1.79230462759584,0.906836708614219,-1.97643590138157,0.0481054287700639,0.999647650132259
ENSG00000049283,EPN3,38.3588401888013,12.0323959148121,64.6852844627905,2.42548261963631,0.828191545536259,2.92864933566279,0.00340438252953934,0.999647650132259
ENSG00000051180,RAD51,629.348820139848,928.008819694773,330.688820584923,-1.4889698465071,0.514366054516833,-2.89476693384395,0.00379440143449454,0.999647650132259
ENSG00000055208,TAB2,3368.59447832187,4678.77868119973,2058.41027544402,-1.18451559663853,0.533625680929828,-2.21974998387361,0.0264357438013707,0.999647650132259
ENSG00000057657,PRDM1,138.63532479409,64.865419583528,212.405230004653,1.7094409498314,0.658149664624355,2.59734379840044,0.00939478391271628,0.999647650132259
ENSG00000060566,CREB3L3,69.8406746549268,18.6300103897164,121.051338920137,2.69216003500468,0.961969164361251,2.79859286008641,0.00513258089109786,0.999647650132259
ENSG00000060749,QSER1,3820.62497586566,5291.0189337886,2350.23101794272,-1.1707693502397,0.494732485164053,-2.36646952716573,0.0179586526018035,0.999647650132259
ENSG00000061656,SPAG4,311.128768330922,162.739023256935,459.51851340491,1.4969659851446,0.64671375270811,2.31472730999775,0.0206278602004181,0.999647650132259
ENSG00000067113,PLPP1,381.276069768174,589.911475005329,172.640664531018,-1.77188622770214,0.589935507622915,-3.00352530879481,0.00266871351254315,0.999647650132259
ENSG00000067798,NAV3,1036.76081218491,1543.39474856889,530.126875800938,-1.54199046590409,0.553375317319488,-2.78651833148863,0.00532776046089802,0.999647650132259
ENSG00000069275,NUCKS1,17644.7035820093,24400.3528211512,10889.0543428674,-1.16403851712715,0.57630700227784,-2.01982365740189,0.0434016823091335,0.999647650132259
ENSG00000070367,EXOC5,4169.35059422969,5921.1066550663,2417.59453339308,-1.2923510939489,0.511517296838943,-2.52650516792948,0.0115203693457359,0.999647650132259
ENSG00000075131,TIPIN,1031.76548861781,1393.00762629189,670.523350943731,-1.05500650814163,0.531038130570566,-1.98668692021813,0.0469571021747018,0.999647650132259
ENSG00000075188,NUP37,963.329474978837,1287.15097145807,639.507978499607,-1.00895246580536,0.512906103195125,-1.96712899207114,0.0491683416321582,0.999647650132259
ENSG00000075624,ACTB,147858.90417182,202819.438705435,92898.3696382044,-1.12646965434218,0.485295874962878,-2.3212017914398,0.0202759555521761,0.999647650132259
ENSG00000079215,SLC1A3,402.345397306914,188.23038815502,616.460406458808,1.71094592099273,0.849169796886779,2.01484547291413,0.0439208427583099,0.999647650132259
ENSG00000079257,LXN,395.815327333233,204.259108002512,587.371546663953,1.52428701337064,0.599824091409455,2.54122339399356,0.0110465314136304,0.999647650132259
ENSG00000082153,BZW1,8378.98328512504,11529.5565758405,5228.40999440963,-1.14085218884045,0.568280178069902,-2.00755231814563,0.0446908857766231,0.999647650132259
ENSG00000082516,GEMIN5,2638.46040716251,3702.31437676169,1574.60643756334,-1.23337717787314,0.483364558572711,-2.55165000411922,0.0107214160638004,0.999647650132259
ENSG00000084112,SSH1,2593.59837308257,3716.53166209221,1470.66508407292,-1.33762913493954,0.680153522115887,-1.96665766102088,0.0492226910938374,0.999647650132259
ENSG00000084731,KIF3C,1248.58925361006,766.165232277194,1731.01327494292,1.17588591639428,0.540639112239845,2.17499231885505,0.0296306919940969,0.999647650132259
ENSG00000084764,MAPRE3,710.02036020794,392.97355210769,1027.06716830819,1.38686125871734,0.674455863654342,2.05626688632083,0.0397567982545502,0.999647650132259
ENSG00000084774,CAD,5021.1715881741,7748.54117098683,2293.80200536137,-1.75609914599563,0.66982167503681,-2.62174129539645,0.00874818098029026,0.999647650132259
ENSG00000085415,SEH1L,2577.26289832005,3461.2454818713,1693.2803147688,-1.03144307084404,0.49465551732718,-2.0851744996545,0.0370534637231265,0.999647650132259
ENSG00000086848,ALG9,300.670611258234,432.866403107351,168.474819409118,-1.36214745919319,0.563441471349228,-2.41754916607641,0.0156254229135324,0.999647650132259
ENSG00000087586,AURKA,6229.0694965333,8465.9675339545,3992.1714591121,-1.08450315857127,0.512321615033192,-2.11684052897321,0.0342733843673119,0.999647650132259
ENSG00000089057,SLC23A2,2275.43158850345,3027.50832475437,1523.35485225253,-0.990901334723942,0.473694314877708,-2.09185819546886,0.0364512026563394,0.999647650132259
ENSG00000089063,TMEM230,2917.35292474123,4418.33471879272,1416.37113068975,-1.64117625585555,0.589606745275508,-2.78350997339535,0.00537742091902985,0.999647650132259
ENSG00000090238,YPEL3,360.256077780537,168.813271303206,551.698884257867,1.70906890790948,0.565415297168967,3.02267893434575,0.00250547910737283,0.999647650132259
ENSG00000090447,TFAP4,519.730701897664,734.4917464317,304.969657363629,-1.26785927120912,0.504377794361908,-2.5137095355538,0.0119468784826896,0.999647650132259
ENSG00000090612,ZNF268,442.745022899259,671.978962481754,213.511083316764,-1.65496940790533,0.809026791462501,-2.04562991654899,0.0407927957622578,0.999647650132259
ENSG00000091527,CDV3,8033.81531745562,10955.7583918888,5111.87224302245,-1.09976223331779,0.464725330071484,-2.36647792180518,0.0179582453391479,0.999647650132259
ENSG00000091536,MYO15A,14.6469811380563,4.47169613012738,24.8222661459853,2.49887616647433,1.26673512270938,1.97269036097266,0.0485308508261825,0.999647650132259
ENSG00000093009,CDC45,1585.13231009947,2160.67485190844,1009.5897682905,-1.09781501391819,0.520883690436581,-2.10760105197006,0.035065512519878,0.999647650132259
ENSG00000094804,CDC6,4658.37362204974,6328.58956082348,2988.15768327599,-1.08258268088225,0.519657271401371,-2.08326283583569,0.0372272723207715,0.999647650132259
ENSG00000096433,ITPR3,7359.95739645535,10942.884504615,3777.03028829569,-1.53470155386007,0.51507825025451,-2.97955029765234,0.00288671833214718,0.999647650132259
ENSG00000099260,PALMD,18.7309736212899,2.98113075341825,34.4808164891615,3.57044694911357,1.20437716882486,2.96455881225094,0.00303117297061788,0.999647650132259
ENSG00000099953,MMP11,141.232813458581,48.5930714179288,233.872555499233,2.26377686197096,1.02718115332985,2.20387305066141,0.0275332733033027,0.999647650132259
ENSG00000100346,CACNA1I,23.9967697154128,4.47169613012738,43.5218433006983,3.30887296681653,1.19069819589299,2.77893506367074,0.00545374262786836,0.999647650132259
ENSG00000100439,ABHD4,1579.71577777928,892.403002224846,2267.02855333372,1.34485575669405,0.639278901979085,2.1037073999011,0.0354039785686328,0.999647650132259
ENSG00000103196,CRISPLD2,782.581462916914,327.640074651067,1237.52285118276,1.91721877128778,0.800307317905394,2.39560319941298,0.0165930424686931,0.999647650132259
ENSG00000104064,GABPB1,906.314212387224,1193.47298296644,619.15544180801,-0.946768112508995,0.482367316206186,-1.96275344680339,0.0496748294923497,0.999647650132259
ENSG00000104081,BMF,238.256204673848,32.2288484282525,444.283560919443,3.78149214523789,1.41446117589001,2.67345064657466,0.00750753221682957,0.999647650132259
ENSG00000104147,OIP5,386.53616922332,588.481244774693,184.591093671947,-1.67166884009218,0.802691231723263,-2.08258016784779,0.0372895084914976,0.999647650132259
ENSG00000104626,ERI1,1185.82914645972,1744.55251200196,627.105780917487,-1.47627903065138,0.526729886540369,-2.80272501784126,0.0050672853808337,0.999647650132259
ENSG00000105204,DYRK1B,504.153239459895,220.578993923178,787.727484996611,1.83556411059934,0.929247742817225,1.97532264650373,0.0482315448397041,0.999647650132259
ENSG00000105246,EBI3,124.521844193702,71.1714115091393,177.872276878265,1.32365614215728,0.621595112981187,2.12945068986947,0.0332169904345235,0.999647650132259
ENSG00000105516,DBP,237.886237360451,85.873203912719,389.899270808182,2.18279173339934,0.887775030087073,2.45872170248498,0.0139432656136392,0.999647650132259
ENSG00000105711,SCN1B,314.369185316419,87.2517827499937,541.486587882844,2.6326741740193,1.10887796110688,2.3741784635988,0.0175880472805147,0.999647650132259
ENSG00000105865,DUS4L,295.410532415103,409.809033656518,181.012031173689,-1.17795765266512,0.59185688650673,-1.99027447263085,0.0465607084540928,0.999647650132259
ENSG00000105967,TFEC,8.83565358640301,16.6759572543268,0.995349918479195,-4.02818846938039,2.01384019629358,-2.0002522925077,0.0454730277360349,0.999647650132259
ENSG00000106302,HYAL4,92.0531070418867,27.0779187371666,157.028295346607,2.54256118218378,0.766486955383756,3.31716171335335,0.000909369651797027,0.999647650132259
ENSG00000106538,RARRES2,460.604296133972,162.622923079205,758.585669188739,2.22088953486039,1.11893600652983,1.98482265464677,0.0471642060529473,0.999647650132259
ENSG00000106609,TMEM248,3420.00740946149,4741.92408461424,2098.09073430874,-1.17648063972042,0.54669937815879,-2.15196996141215,0.0313997202957464,0.999647650132259
ENSG00000106785,TRIM14,1641.68662293701,2687.75952631857,595.613719555456,-2.17422418290305,0.776774187026756,-2.799042783882,0.00512543457973732,0.999647650132259
ENSG00000107282,APBA1,129.931339390871,62.799379908704,197.063298873039,1.64693358656822,0.789010769373933,2.08733980636923,0.0368574289322288,0.999647650132259
ENSG00000107929,LARP4B,3927.59705529972,5482.61715075647,2372.57695984297,-1.20845664381761,0.512595631333225,-2.35752427439638,0.0183972524492159,0.999647650132259
ENSG00000107937,GTPBP4,4030.66093079529,5730.9496398156,2330.37222177498,-1.29828757056976,0.547697317352333,-2.37044719672156,0.0177665815109968,0.999647650132259
ENSG00000107968,MAP3K8,464.570712792818,266.123285117265,663.018140468372,1.31648883766963,0.518804935809281,2.537541081054,0.0111634265194707,0.999647650132259
ENSG00000108759,KRT32,5.385316887233,0,10.770633774466,5.96462551566581,2.68811486357536,2.21888788923718,0.0264943526420196,0.999647650132259
ENSG00000109805,NCAPG,4721.52714877169,6643.3936892509,2799.66060829249,-1.24672763844021,0.591243852430987,-2.10865218016915,0.0349746153166752,0.999647650132259
ENSG00000110108,TMEM109,5025.79090037262,7116.43998508635,2935.14181565888,-1.27774070844344,0.469926031455622,-2.7190251718671,0.00654746252298597,0.999647650132259
ENSG00000110195,FOLR1,192.137201628959,75.8949632339643,308.379440023954,2.02635749434059,0.82828098123598,2.44646145480343,0.0144266222425629,0.999647650132259
ENSG00000110917,MLEC,7003.38705474998,9281.56916026627,4725.20494923368,-0.973976666612875,0.477963407424507,-2.03776408713195,0.0415735315234575,0.999647650132259
ENSG00000111247,RAD51AP1,1378.18902475381,2086.54927920947,669.828770298151,-1.63950922844095,0.634032906510377,-2.58584248799415,0.00971413110880349,0.999647650132259
ENSG00000111445,RFC5,1079.07609244489,1637.04805523074,521.104129659042,-1.65179498159132,0.618829463442211,-2.66922484977248,0.00760265358584106,0.999647650132259
ENSG00000111845,PAK1IP1,1352.12501660982,2097.34890488504,606.901128334593,-1.78892647576642,0.513367763725211,-3.4846879803773,0.000492711232016447,0.999647650132259
ENSG00000112599,GUCA1B,38.1653482352103,13.7867013249856,62.543995145435,2.17876613371845,1.09416353451926,1.99126187720717,0.0464521042992347,0.999647650132259
ENSG00000112742,TTK,1716.14090228698,2270.22569311523,1162.05611145873,-0.966228658982559,0.492134802082656,-1.96334145623027,0.0496065114414636,0.999647650132259
ENSG00000113048,MRPS27,2377.20412595235,3368.2334730735,1386.17477883121,-1.28100657707737,0.547369561943044,-2.34029559943024,0.019268482438357,0.999647650132259
ENSG00000113368,LMNB1,5434.18653321598,8669.00986444161,2199.36320199035,-1.97870966411165,0.572172085754475,-3.45824222008749,0.000543712312237035,0.999647650132259
ENSG00000113580,NR3C1,4001.99380318202,5408.55465206029,2595.43295430376,-1.05931358082379,0.49336852176184,-2.14710411000874,0.0317849941804686,0.999647650132259
ENSG00000113648,H2AFY,5542.69116394457,7825.5852729722,3259.79705491693,-1.26346161484204,0.566533877625928,-2.23016074543786,0.0257367732470807,0.999647650132259
ENSG00000113742,CPEB4,2457.12119895834,1456.08674431112,3458.15565360556,1.24773088439329,0.580630698443496,2.1489233823463,0.0316404739495006,0.999647650132259
ENSG00000114209,PDCD10,1663.86788959634,2427.91617116235,899.819608030324,-1.43179392611852,0.679923211014283,-2.10581710246754,0.0352202426559995,0.999647650132259
ENSG00000114626,ABTB1,462.075031695594,234.190172876601,689.959890514588,1.55877086606327,0.580858291710898,2.68356480110142,0.00728418573157934,0.999647650132259
ENSG00000114739,ACVR2B,1045.39596766849,497.324099963856,1593.46783537312,1.67949752445353,0.58787896730856,2.85687636035465,0.0042783245586955,0.999647650132259
ENSG00000114790,ARHGEF26,1791.67262517881,2694.98151156858,888.363738789046,-1.60083527095815,0.751575356614283,-2.12997307172182,0.0331738366043251,0.999647650132259
ENSG00000114796,KLHL24,846.744134878171,436.299593656803,1257.18867609954,1.52744355494247,0.546600075184853,2.79444446550051,0.00519889693874904,0.999647650132259
ENSG00000115474,KCNJ13,6.535672364897,0.54347814399078,12.5278665858032,4.68951339215169,2.18602620873659,2.14522285844962,0.0319350328242099,0.999647650132259
ENSG00000115590,IL1R2,10.2108832052615,1.89417446543669,18.5275919450864,3.30255164114122,1.41795814114948,2.3290896573745,0.0198543164877439,0.999647650132259
ENSG00000115594,IL1R1,740.294922102054,267.385763776809,1213.2040804273,2.18117837716439,0.979082872164267,2.22777707503236,0.02589538432443,0.999647650132259
ENSG00000116017,ARID3A,407.336845929365,261.579825878418,553.093865980311,1.08081544610327,0.516604983492848,2.09215063857051,0.0364250424989641,0.999647650132259
ENSG00000116701,NCF2,116.245724547123,179.922348862833,52.5691002314136,-1.77630254286363,0.638574978451417,-2.78166637091117,0.00540806035519159,0.999647650132259
ENSG00000116774,OLFML3,67.5163328400559,10.5898247692892,124.442840910823,3.57048852201603,1.42013500692704,2.51418949930825,0.0119306308340399,0.999647650132259
ENSG00000116885,OSCP1,131.498608583238,67.4269431711567,195.57027399532,1.5344933691403,0.769030724389298,1.99536028987512,0.0460035986783875,0.999647650132259
ENSG00000117016,RIMS3,284.119592536764,174.883405711182,393.355779362347,1.16995805949299,0.541976949076747,2.15868601328156,0.0308745346172265,0.999647650132259
ENSG00000118513,MYB,22.6764463852749,38.0352428027638,7.3176499677861,-2.38097779913033,1.13354091137135,-2.10047804648696,0.035686809821243,0.999647650132259
ENSG00000118816,CCNI,6122.24527281656,8186.3482571093,4058.14228852382,-1.01243912772025,0.51630739982705,-1.9609231400894,0.0498879895089397,0.999647650132259
ENSG00000119285,HEATR1,2709.46332368133,3796.73056453199,1622.19608283066,-1.22674133608506,0.516847957144016,-2.37350524294176,0.0176201428920793,0.999647650132259
ENSG00000119392,GLE1,1057.95211643681,1391.58607981396,724.318153059656,-0.942025910210145,0.478207272643278,-1.96991130018396,0.0488485371197224,0.999647650132259
ENSG00000119541,VPS4B,956.238087616005,1352.30435642871,560.171818803298,-1.27137711506963,0.494454265404993,-2.57127343016907,0.0101325291635845,0.999647650132259
ENSG00000119699,TGFB3,165.482778030117,80.2825553404859,250.683000719747,1.64157315868625,0.736530603522667,2.2287915136655,0.0258277798590463,0.999647650132259
ENSG00000119862,LGALSL,606.23919624484,390.51167414461,821.966718345071,1.07435036610613,0.537943653248229,1.99714293424404,0.0458096580768254,0.999647650132259
ENSG00000119899,SLC17A5,1467.10385430286,855.446944909593,2078.76076369614,1.28087668184054,0.594180783810182,2.15570196267022,0.0311069448312246,0.999647650132259
ENSG00000120868,APAF1,921.534519283133,1296.40838571679,546.660652849477,-1.24617349329432,0.631544069801474,-1.97321699764524,0.0484708447122824,0.999647650132259
ENSG00000121579,NAA50,6109.39231235712,8978.02906893179,3240.75555578245,-1.47001283605606,0.583044115908016,-2.52127205463125,0.0116931407867219,0.999647650132259
ENSG00000121858,TNFSF10,408.415079567921,216.607351820271,600.222807315571,1.47154784613768,0.748287008635574,1.9665553847058,0.0492344912900886,0.999647650132259
ENSG00000122367,LDB3,69.3319657183115,16.7678320784038,121.896099358219,2.86174842159075,1.10373308958129,2.59279027566019,0.00952008049423694,0.999647650132259
ENSG00000123374,CDK2,1683.51623549588,2502.47507207679,864.557398914978,-1.5335270661935,0.670523937394207,-2.2870578970724,0.0221924439425995,0.999647650132259
ENSG00000123473,STIL,1804.41233640843,2506.66154167652,1102.16313114035,-1.18551838859522,0.49484165545501,-2.3957530161949,0.0165862624155012,0.999647650132259
ENSG00000124120,TTPAL,1710.26860589723,2541.27639132083,879.260820473619,-1.53116554515641,0.503063497321438,-3.04368246416029,0.00233701670725815,0.999647650132259
ENSG00000124171,PARD6B,2240.93333308931,1097.66267475792,3384.20399142069,1.62455779649636,0.701523642433626,2.31575630275363,0.020571578343579,0.999647650132259
ENSG00000124766,SOX4,1009.0996124432,599.454566917352,1418.74465796904,1.24332418958419,0.621648843102123,2.0000426340051,0.0454956603903456,0.999647650132259
ENSG00000125871,MGME1,1513.8368912279,2031.41344004283,996.260342412972,-1.02775609263986,0.509357748567861,-2.01774900947234,0.0436174078195937,0.999647650132259
ENSG00000127129,EDN2,379.180300633096,36.9962807459684,721.364320520223,4.28400981529528,1.59765904700487,2.68142932206125,0.00733083983369033,0.999647650132259
ENSG00000127528,KLF2,513.406483204024,728.181184391673,298.631782016375,-1.28656711088926,0.625155247311029,-2.05799618002593,0.0395905000950421,0.999647650132259
ENSG00000128923,MINDY2,1069.99286677134,1606.55293866797,533.432794874706,-1.59027278820972,0.661843139686426,-2.40279409553625,0.0162703457608059,0.999647650132259
ENSG00000129422,MTUS1,1639.24547273362,1081.64538287307,2196.84556259416,1.02235030483687,0.506323843598755,2.01916286930198,0.0434702941684711,0.999647650132259
ENSG00000129515,SNX6,3377.61733759,4959.04885261393,1796.18582256607,-1.46501805423789,0.612328514166016,-2.39253606576403,0.0167323835205967,0.999647650132259
ENSG00000129521,EGLN3,613.679168230086,305.553561310485,921.804775149687,1.5933764516675,0.714831597841459,2.22902353012785,0.0258123392249336,0.999647650132259
ENSG00000130150,MOSPD2,652.746902800498,912.835312255922,392.658493345073,-1.21727862064004,0.505535434305833,-2.40789970007054,0.0160445883228566,0.999647650132259
ENSG00000130826,DKC1,4949.1778604892,6975.68463421261,2922.6710867658,-1.25511012887081,0.57228184537425,-2.19316782284089,0.0282952899332164,0.999647650132259
ENSG00000131153,GINS2,1107.66831998461,1541.43383758526,673.902802383955,-1.19346667148648,0.518936191569551,-2.2998331796377,0.0214576729100598,0.999647650132259
ENSG00000131374,TBC1D5,1352.16727831844,2068.40834600722,635.926210629655,-1.70129353263558,0.729805261602184,-2.33116095778842,0.0197448739794503,0.999647650132259
ENSG00000131844,MCCC2,2649.2512628634,3725.54863801245,1572.95388771435,-1.24388078724906,0.516100440342253,-2.41015254012218,0.0159458519711276,0.999647650132259
ENSG00000133056,PIK3C2B,708.394125200658,169.696366227676,1247.09188417364,2.8775022366487,0.948319389695412,3.03431762327766,0.00241080467889075,0.999647650132259
ENSG00000133519,ZDHHC8P1,43.383531827155,16.9236992107291,69.843364443581,2.0537541843247,0.952726253573715,2.15566032385586,0.0311101984271441,0.999647650132259
ENSG00000134215,VAV3,5.21021661801713,0,10.4204332360343,5.91881439163135,2.64256752091107,2.23979684333316,0.0251041149119774,0.999647650132259
ENSG00000135069,PSAT1,3836.77141483355,6082.44745495316,1591.09537471394,-1.93473684181354,0.84560157707603,-2.28800051260971,0.0221374912670445,0.999647650132259
ENSG00000135083,CCNJL,2363.4319097305,1291.3141340096,3435.54968545139,1.41159401472456,0.712170145215188,1.98210220437987,0.0474678028915371,0.999647650132259
ENSG00000135218,CD36,13.1171479145452,2.17391257596312,24.0603832531273,3.52549758443061,1.77944049446432,1.98123938136629,0.0475644347765919,0.999647650132259
ENSG00000135318,NT5E,15714.1249570491,22002.3841372968,9425.86577680136,-1.22296107441464,0.464097963536468,-2.63513561898779,0.00841036722022163,0.999647650132259
ENSG00000135535,CD164,5731.82790922958,8929.13201799003,2534.52380046914,-1.81672752497769,0.889253682020778,-2.04298004237585,0.0410544138052796,0.999647650132259
ENSG00000135698,MPHOSPH6,900.156223329095,1303.16049254244,497.151954115748,-1.38984766511251,0.685672818918581,-2.02698375488258,0.0426640740626678,0.999647650132259
ENSG00000136003,ISCU,1161.20723958723,1627.22568168431,695.188797490141,-1.22713730531786,0.527680823463402,-2.32552946924169,0.0200436660318656,0.999647650132259
ENSG00000136367,ZFHX2,96.5928406034073,36.716542635442,156.469138571373,2.0856665852229,0.830918938651314,2.51007226843114,0.0120706455748791,0.999647650132259
ENSG00000136514,RTP4,99.3756209199148,45.9716691603473,152.779572679482,1.73208741201065,0.801168849467507,2.16195052161835,0.0306219901826633,0.999647650132259
ENSG00000136518,ACTL6A,2969.67492909866,4336.8673927974,1602.48246539993,-1.43626081754311,0.508113478437088,-2.82665364823802,0.00470371724822033,0.999647650132259
ENSG00000136826,KLF4,1233.91443453571,1775.74285484953,692.086014221893,-1.35954726377151,0.499153683458368,-2.7237047603294,0.0064554185617394,0.999647650132259
ENSG00000136868,SLC31A1,2476.73491352991,3406.64489892528,1546.82492813453,-1.13915779489133,0.550609168817552,-2.06890451413605,0.0385550479086502,0.999647650132259
ENSG00000137103,TMEM8B,310.749344949523,122.577862109394,498.920827789651,2.02617578935663,0.6178046712489,3.27963818282677,0.0010394029457105,0.999647650132259
ENSG00000137501,SYTL2,559.580332574224,346.018229446085,773.142435702363,1.15962028630058,0.496117348356474,2.3373911235762,0.0194188562554533,0.999647650132259
ENSG00000137804,NUSAP1,363.894524474234,561.618158887565,166.170890060903,-1.75666001978503,0.559158176322486,-3.14161554667477,0.00168018497402842,0.999647650132259
ENSG00000138336,TET1,216.820664699717,67.7226793587452,365.91865004069,2.43330363591292,1.08481792505182,2.24305257105397,0.0248934246367061,0.999647650132259
ENSG00000138678,GPAT3,2451.57603298328,3719.97489511629,1183.17717085026,-1.65247059065452,0.736121914405112,-2.24483276250503,0.0247788706709539,0.999647650132259
ENSG00000138778,CENPE,4467.47525816401,6486.28142435862,2448.6690919694,-1.40543521105556,0.586380654682813,-2.39679668800771,0.0165390978611825,0.999647650132259
ENSG00000138942,RNF185,628.236163919367,942.378766118345,314.093561720389,-1.58546989231254,0.524608132047965,-3.02219846673589,0.00250945958051921,0.999647650132259
ENSG00000139112,GABARAPL1,735.326724083975,425.701541610923,1044.95190655703,1.29560244329332,0.519482043578923,2.49402738613905,0.0126302799219587,0.999647650132259
ENSG00000139182,CLSTN3,1008.23053180569,527.199856282407,1489.26120732898,1.49855073020856,0.509135193705141,2.94332575853403,0.00324706547966391,0.999647650132259
ENSG00000139209,SLC38A4,1113.98371386987,637.945526678325,1590.02190106141,1.31806622520593,0.59924435855923,2.19954715698112,0.0278390398789049,0.999647650132259
ENSG00000139324,TMTC3,1765.43204434457,2458.23576535356,1072.62832333559,-1.1965913323062,0.518027016299336,-2.30990140408964,0.0208936133241805,0.999647650132259
ENSG00000139433,GLTP,1131.92042288449,1770.90457772855,492.936268040419,-1.84535639594885,0.857397895570428,-2.15227539685193,0.0313756703899801,0.999647650132259
ENSG00000139505,MTMR6,2017.93911264885,3053.14732950818,982.730895789511,-1.63537514043129,0.487033470587417,-3.35782905938445,0.000785571779969263,0.999647650132259
ENSG00000139618,BRCA2,1813.32453862513,2436.52314732818,1190.12592992208,-1.03357339453045,0.526782348748519,-1.96205016547331,0.0497566440569033,0.999647650132259
ENSG00000139636,LMBR1L,872.409083849158,339.600250981039,1405.21791671728,2.04829482450585,0.655203760306191,3.1261951603401,0.00177083990795189,0.999647650132259
ENSG00000139921,TMX1,6193.90855019545,8792.67147679971,3595.14562359119,-1.29019125572229,0.615991955387654,-2.09449367712985,0.0362160257288949,0.999647650132259
ENSG00000140575,IQGAP1,17224.1688883495,23160.1562326364,11288.1815440625,-1.03683648215445,0.470900616315237,-2.20181593786735,0.0276783128028634,0.999647650132259
ENSG00000140795,MYLK3,12.7539159043053,3.78834893087339,21.7194828777371,2.53029292510984,1.2530861730804,2.01924893871404,0.0434613521039387,0.999647650132259
ENSG00000142583,SLC2A5,6.87834176495179,0,13.7566835299036,6.31861714943565,2.4322428334524,2.59785621013294,0.00938077667345521,0.999647650132259
ENSG00000143001,TMEM61,15.4832888645014,4.33182707486417,26.6347506541385,2.63463803813274,1.18461804454001,2.22404010328558,0.0261457461800604,0.999647650132259
ENSG00000143434,SEMA6C,140.687310507072,78.1886331498332,203.185987864311,1.37870555095564,0.649796338264618,2.12175026199392,0.0338587154085586,0.999647650132259
ENSG00000143878,RHOB,3676.96204673539,1598.77741138646,5755.14668208431,1.84776787377885,0.556631379435108,3.31955391313735,0.000901613933783809,0.999647650132259
ENSG00000144583,4-Mar,1032.36019358976,1665.53334292003,399.187044259488,-2.06043983279113,0.90215737595912,-2.28390288401798,0.0223772391091639,0.999647650132259
ENSG00000144840,RABL3,485.172679212613,679.396592525119,290.948765900107,-1.22351270971107,0.513922690654075,-2.38073300121054,0.0172782302343892,0.999647650132259
ENSG00000145555,MYO10,3062.25184367806,4369.57938957679,1754.92429777934,-1.31609625174311,0.528186156664848,-2.49172803023351,0.0127123336689534,0.999647650132259
ENSG00000145604,SKP2,1205.01081836911,1845.14350639532,564.878130342897,-1.70792161302029,0.522987721945898,-3.26570116534585,0.00109193415965762,0.999647650132259
ENSG00000145725,PPIP5K2,2034.62452327071,2929.85915598917,1139.38989055226,-1.36274345194961,0.637681489607267,-2.1370283976549,0.0325956819599619,0.999647650132259
ENSG00000146278,PNRC1,670.363580509714,341.039164964387,999.687996055042,1.55157442844363,0.563486454339339,2.75352569080437,0.00589571427349459,0.999647650132259
ENSG00000146281,PM20D2,1687.08755414286,2514.52986208756,859.645246198166,-1.54864164559303,0.530272051981328,-2.92046627727527,0.00349508021017508,0.999647650132259
ENSG00000146411,SLC2A12,239.525808901863,81.4097350591825,397.641882744543,2.29124597884265,1.13886642918679,2.01186541294287,0.0442341262207107,0.999647650132259
ENSG00000147416,ATP6V1B2,2650.45619737471,3673.61471269848,1627.29768205095,-1.17483190156912,0.547383030983848,-2.14627022591022,0.0318514256096451,0.999647650132259
ENSG00000147912,FBXO10,281.824717248373,142.746432107006,420.903002389741,1.56145937277576,0.55849543473719,2.79583193640702,0.00517663121844348,0.999647650132259
ENSG00000148229,POLE3,3041.06279821786,4660.86493782207,1421.26065861365,-1.71354211866829,0.588532218635769,-2.91155193277323,0.00359638117545886,0.999647650132259
ENSG00000148541,FAM13C,95.6651658325339,37.6476317910983,153.68269987397,2.02451274565673,1.01756688523758,1.98956233248889,0.0466391689927486,0.999647650132259
ENSG00000148735,PLEKHS1,92.2896130835144,5.65052724218594,178.928698924843,4.9701174298625,2.20847661411808,2.25047319862485,0.0244189229771847,0.999647650132259
ENSG00000149577,SIDT2,1542.90108185417,811.62130580938,2274.18085789895,1.48642174220641,0.555721985048695,2.67475785050354,0.00747832435105232,0.999647650132259
ENSG00000150764,DIXDC1,394.391233576576,218.805033273767,569.977433879386,1.38124376636046,0.64677038959882,2.13560142605975,0.0327119150951627,0.999647650132259
ENSG00000151233,GXYLT1,2053.05706812948,2781.19616887269,1324.91796738628,-1.06993354295036,0.533902872470669,-2.00398536535153,0.045071628118359,0.999647650132259
ENSG00000151239,TWF1,4421.82031216171,6206.82441066464,2636.81621365879,-1.23513234489141,0.592267754402481,-2.08542899003086,0.0370303776395311,0.999647650132259
ENSG00000151503,NCAPD3,4664.72575244382,6261.76780572397,3067.68369916367,-1.02940996864606,0.493694968011818,-2.08511335003403,0.0370590127341049,0.999647650132259
ENSG00000151702,FLI1,5.88299184647259,0,11.7659836929452,6.09249985392602,2.5809199957987,2.36059229416006,0.0182457775320725,0.999647650132259
ENSG00000152056,AP1S3,537.576221052519,830.127901697015,245.024540408024,-1.75993820331443,0.540145799757826,-3.25826509083935,0.00112095639473983,0.999647650132259
ENSG00000152076,CCDC74B,79.8111957046501,37.5877531211454,122.034638288155,1.70005735244954,0.778167733806454,2.1846926807587,0.0289113872098695,0.999647650132259
ENSG00000152256,PDK1,914.47887865267,575.944681194365,1253.01307611097,1.1214127593952,0.556922365436085,2.01358901885204,0.0440527002970408,0.999647650132259
ENSG00000152332,UHMK1,5825.14724808255,8635.18899516728,3015.10550099781,-1.51808260900965,0.713821501942034,-2.12669778772358,0.0334452014571329,0.999647650132259
ENSG00000153234,NR4A2,102.735935417058,36.9204039989535,168.551466835163,2.1907853132344,0.909792068810896,2.40800660759526,0.0160398907138374,0.999647650132259
ENSG00000153294,ADGRF4,143.272003880976,46.8588777231128,239.685130038839,2.35989116047931,0.746138146801139,3.16280727717339,0.0015625573650716,0.999647650132259
ENSG00000153574,RPIA,1041.15423073892,1595.36798436133,486.940477116516,-1.71168311073006,0.789257032184048,-2.16872709514347,0.0301034090447927,0.999647650132259
ENSG00000153904,DDAH1,8323.31868028793,5156.0900782983,11490.5472822776,1.15613563682318,0.494360005906406,2.33865123191633,0.0193534910291245,0.999647650132259
ENSG00000153982,GDPD1,197.494128400911,70.7719160587071,324.216340743114,2.19972116229679,0.939079977659466,2.34242153451009,0.0191590621259261,0.999647650132259
ENSG00000154265,ABCA5,475.620802827369,317.281993761118,633.959611893619,0.998485104804285,0.497296665454774,2.0078258596228,0.0446617998573985,0.999647650132259
ENSG00000154473,BUB3,7063.85164681025,10489.1826442172,3638.5206494033,-1.52751179577657,0.554733036749808,-2.75359802748777,0.00589441150896108,0.999647650132259
ENSG00000154640,BTG3,794.53571921459,1115.79583180647,473.275606622709,-1.23724079414645,0.496057499204384,-2.49414794883825,0.0126259905430459,0.999647650132259
ENSG00000155111,CDK19,437.053913522069,617.200569430359,256.907257613779,-1.26453099320532,0.520232725067446,-2.43070251499726,0.0150695818312672,0.999647650132259
ENSG00000155324,GRAMD2B,1006.32191791549,526.216202781149,1486.42763304984,1.49777040214016,0.675262720872155,2.21805581123399,0.0265510272497852,0.999647650132259
ENSG00000155755,TMEM237,722.260382672797,1029.89063173963,414.630133605967,-1.31232124247163,0.594486610203773,-2.20748662786838,0.0272800802003642,0.999647650132259
ENSG00000156802,ATAD2,8277.39591685363,11457.482424874,5097.30940883322,-1.16845907317899,0.518422538907563,-2.25387398403087,0.0242040967721199,0.999647650132259
ENSG00000157873,TNFRSF14,404.271852009783,250.350534502765,558.193169516801,1.15645545268755,0.567319837028691,2.0384541086108,0.0415045397626834,0.999647650132259
ENSG00000158109,TPRG1L,1506.62530520173,840.83702733009,2172.41358307337,1.36932842422734,0.480173258214298,2.85173820241405,0.00434808948520396,0.999647650132259
ENSG00000158373,HIST1H2BD,529.900230144346,189.601652667943,870.198807620748,2.1999420504085,0.971195475814229,2.26518976374361,0.0235010370286289,0.999647650132259
ENSG00000158526,TSR2,1345.41998869629,1994.28734877589,696.552628616692,-1.51780775748685,0.566319307582944,-2.68012716000248,0.00735941975387432,0.999647650132259
ENSG00000159337,PLA2G4D,27.4480095797823,10.2620924275765,44.6339267319881,2.11028611796958,1.05025485365679,2.00930860792689,0.0445044155918908,0.999647650132259
ENSG00000159593,NAE1,1793.06209288973,2626.66416450182,959.46002127765,-1.45280665679536,0.509660533055524,-2.8505378827069,0.00436453508956429,0.999647650132259
ENSG00000160050,CCDC28B,174.098210410739,92.5028145417475,255.69360627973,1.46704628611622,0.640631914788895,2.28999875318365,0.0220213889260235,0.999647650132259
ENSG00000160352,ZNF714,725.77590173801,1137.12632188684,314.425481589181,-1.85468022421481,0.581631007468367,-3.18875747750721,0.00142885698708245,0.999647650132259
ENSG00000160633,SAFB,4285.31797170632,5714.1045562086,2856.53138720405,-1.00025876560578,0.475342620566621,-2.10429008956412,0.0353531500254173,0.999647650132259
ENSG00000160877,NACC1,3370.80913951025,4598.53407226258,2143.08420675793,-1.10157179911749,0.548207753767743,-2.00940572537795,0.0444941235432688,0.999647650132259
ENSG00000161638,ITGA5,7891.27366295404,4902.73419304168,10879.8131328664,1.14996353969029,0.58405477323043,1.9689309845544,0.0489610169068368,0.999647650132259
ENSG00000161692,DBF4B,1216.46835412698,1729.07184041287,703.864867841091,-1.29649288339117,0.617010199114496,-2.10125032819852,0.035618997564253,0.999647650132259
ENSG00000161980,POLR3K,547.618067920752,819.53396328943,275.702172552074,-1.57122909100579,0.539782274285393,-2.91085714714494,0.00360438769546443,0.999647650132259
ENSG00000162267,ITIH3,5.76625833366202,0,11.532516667324,6.06473739905767,2.55444720203269,2.37418780636049,0.0175876022276644,0.999647650132259
ENSG00000162368,CMPK1,3652.17147920515,5409.83038458696,1894.51257382333,-1.51372485418968,0.486516536091369,-3.11135334957124,0.00186231949399209,0.999647650132259
ENSG00000162407,PLPP3,861.910347882265,468.432453622683,1255.38824214185,1.42255375281747,0.504980260938824,2.81704823505924,0.00484672461393749,0.999647650132259
ENSG00000162426,SLC45A1,91.4544568551699,45.6000562257439,137.308857484596,1.59406724866477,0.663266066182846,2.40336017465625,0.0162451782802026,0.999647650132259
ENSG00000162643,WDR63,4.71254165877753,0,9.42508331755506,5.77367558437948,2.71921036227588,2.12329125560816,0.0337294530017195,0.999647650132259
ENSG00000162645,GBP2,2401.13007318534,765.780365475466,4036.47978089522,2.39782079581228,0.890883793403214,2.69150793130101,0.00711298069974372,0.999647650132259
ENSG00000162654,GBP4,505.98707501434,177.788203241465,834.185946787214,2.22919365165649,1.10514687158528,2.01710171649748,0.0436848995559365,0.999647650132259
ENSG00000163219,ARHGAP25,42.3620251358467,18.3982665103762,66.3257837613172,1.85426173369255,0.77075717922205,2.40576641214567,0.0161385800314032,0.999647650132259
ENSG00000163346,PBXIP1,975.415121856188,477.719576301712,1473.11066741066,1.62489813435715,0.594502334038454,2.73320732539302,0.0062720838050962,0.999647650132259
ENSG00000163428,LRRC58,4109.72854578967,5655.99124880394,2563.4658427754,-1.14170331779093,0.48685881302881,-2.34503984982474,0.0190250460808238,0.999647650132259
ENSG00000163577,EIF5A2,1309.63120251161,2088.27478379835,530.987621224862,-1.97525735156508,0.619654253237236,-3.18767658132874,0.0014342085623017,0.999647650132259
ENSG00000163584,RPL22L1,1153.69665726442,1712.11340083808,595.279913690762,-1.52385107779189,0.709481614910519,-2.14783730228736,0.0317266825541233,0.999647650132259
ENSG00000163624,CDS1,347.898472168994,160.576995119739,535.219949218249,1.73576203761291,0.817393012329221,2.12353422580251,0.0337091106175184,0.999647650132259
ENSG00000163781,TOPBP1,2671.07431472206,3541.99198144659,1800.15664799754,-0.976469618571666,0.476120134478835,-2.05088915141242,0.0402777428680437,0.999647650132259
ENSG00000163808,KIF15,1494.03526532124,2188.1641505348,799.90638010767,-1.45187106435462,0.542148212910689,-2.67799658798062,0.0074063972805213,0.999647650132259
ENSG00000163904,SENP2,1999.69220244419,2707.84992648213,1291.53447840625,-1.06794736877288,0.508956756386577,-2.09830669378466,0.035878061599797,0.999647650132259
ENSG00000163950,SLBP,3751.38531390412,5132.1637914488,2370.60683635945,-1.11438861671376,0.555260428983124,-2.00696566610121,0.0447533189172908,0.999647650132259
ENSG00000164022,AIMP1,1656.74196212021,2326.40003250932,987.083891731089,-1.23686142422991,0.479108471639632,-2.58158955110322,0.00983464725608777,0.999647650132259
ENSG00000164023,SGMS2,1870.66311883983,2694.78908352093,1046.53715415874,-1.36462571104083,0.492926881520412,-2.76841406342398,0.00563298390001367,0.999647650132259
ENSG00000164093,PITX2,154.648017044711,84.8022457017995,224.493788387622,1.4049757065742,0.63719947207262,2.2049228980122,0.0274595054044309,0.999647650132259
ENSG00000164164,OTUD4,3709.59476397808,5166.42074385497,2252.76878410119,-1.19755527035687,0.59756794033684,-2.00404872738291,0.0450648409671632,0.999647650132259
ENSG00000164362,TERT,41.733941733163,67.1951992918164,16.2726841745096,-2.05174032197718,1.00222271379281,-2.04719000451763,0.0406394324653783,0.999647650132259
ENSG00000164465,DCBLD1,2776.55972575473,1747.00341847851,3806.11603303096,1.12343685403928,0.508679836886205,2.20853427357413,0.0272070513560992,0.999647650132259
ENSG00000164530,PI16,7.83799256932424,0.807218177455135,14.8687669611933,4.10456038785055,1.9313197350952,2.12526197152343,0.0335647595603398,0.999647650132259
ENSG00000164938,TP53INP1,293.696236729656,129.790717837009,457.601755622303,1.8159061350858,0.599796305428601,3.02753804691777,0.00246554674515448,0.999647650132259
ENSG00000165118,C9orf64,1021.31985520837,1516.7090109578,525.930699458936,-1.52798800003622,0.488250776180847,-3.1295147382833,0.00175095288677872,0.999647650132259
ENSG00000165140,FBP1,111.691316697008,188.318149340802,35.0644840532144,-2.42808957159052,0.752310566344343,-3.22750959539116,0.00124872852864582,0.999647650132259
ENSG00000165480,SKA3,2004.37833305209,2764.39039574417,1244.36627036001,-1.1514499736748,0.518754268905145,-2.21964433392518,0.0264429203040082,0.999647650132259
ENSG00000166046,TCP11L2,128.669087308432,35.2899695669811,222.048205049883,2.65319374660003,1.0049778134969,2.64005205982411,0.00828932926736419,0.999647650132259
ENSG00000166106,ADAMTS15,3272.39941712798,1451.8568452414,5092.94198901455,1.81064594778997,0.809971991307897,2.23544266619176,0.0253883016797195,0.999647650132259
ENSG00000166145,SPINT1,880.940484566365,314.708585734722,1447.17238339801,2.2011877097192,0.780708628653466,2.81947403798485,0.00481024220181871,0.999647650132259
ENSG00000166444,ST5,1866.62889881091,1185.32538092099,2547.93241670083,1.1041291557894,0.531818203413581,2.07614020863207,0.0378809853036041,0.999647650132259
ENSG00000166448,TMEM130,6.61413383133335,0,13.2282676626667,6.26069448522698,2.858309900195,2.19034838902523,0.028498979983882,0.999647650132259
ENSG00000166578,IQCD,128.586129746314,71.5430244437427,185.629235048885,1.37639479388455,0.587986572143025,2.34086092964339,0.0192393321323839,0.999647650132259
ENSG00000166924,NYAP1,160.898153871601,67.7427910741026,254.053516669099,1.91074313701578,0.883035319816694,2.16383545950623,0.0304769796619883,0.999647650132259
ENSG00000166963,MAP1A,88.1916284549731,38.4109693756626,137.972287534284,1.8454641871943,0.746893820052861,2.47085213138286,0.0134791541019292,0.999647650132259
ENSG00000167100,SAMD14,35.3140496060171,14.3141813919143,56.31391782012,1.96672886263948,0.882908627032812,2.22755651312306,0.0259101032983733,0.999647650132259
ENSG00000167123,CERCAM,1287.28952911334,841.676241661669,1732.90281656502,1.04176693134217,0.508977571499169,2.04678357098074,0.0406793394606821,0.999647650132259
ENSG00000167601,AXL,29917.3149363564,41537.722611429,18296.9072612837,-1.18282527708987,0.488555336565675,-2.42106715158328,0.0154750183171886,0.999647650132259
ENSG00000167862,MRPL58,919.039067331494,1273.93426136454,564.143873298447,-1.17547086395134,0.576764134614372,-2.03804431206054,0.0415455015479499,0.999647650132259
ENSG00000167986,DDB1,12176.2513214541,16176.1813831131,8176.32125979501,-0.984337609775222,0.471686412470923,-2.08684749814772,0.0369019220140064,0.999647650132259
ENSG00000168214,RBPJ,3158.36090712177,4958.4884795003,1358.23333474323,-1.8682922612939,0.886414737109284,-2.10769539706283,0.0350573457179692,0.999647650132259
ENSG00000168411,RFWD3,3970.35612447515,5409.04464755322,2531.66760139709,-1.09523187562814,0.51086730115002,-2.1438676407017,0.0320434936634329,0.999647650132259
ENSG00000168874,ATOH8,886.933164775606,347.345613366117,1426.52071618509,2.03908310052341,0.693604662197488,2.93983476706047,0.00328387315443124,0.999647650132259
ENSG00000169136,ATF5,795.041659564061,1108.93402082198,481.14929830614,-1.20467840740035,0.519664437419914,-2.31818519924408,0.0204392580692232,0.999647650132259
ENSG00000169299,PGM2,2533.39427979097,3827.9104030756,1238.87815650634,-1.62767458183549,0.759175688971886,-2.14400250887877,0.0320326857598159,0.999647650132259
ENSG00000169981,ZNF35,215.2844054205,329.298391598868,101.270419242132,-1.70240663584033,0.628910314434429,-2.70691479654182,0.00679116844839521,0.999647650132259
ENSG00000170270,GON7,408.202010849049,617.156232361349,199.247789336749,-1.6310905210261,0.621811071642896,-2.62312878527006,0.00871263319358414,0.999647650132259
ENSG00000170373,CST1,116.331366106448,35.1939811046087,197.468751108286,2.48184740488343,1.02583817477612,2.41933617397801,0.0155488629129085,0.999647650132259
ENSG00000170412,GPRC5C,2319.1844624226,880.230280778651,3758.13864406655,2.09389774964662,0.904582488322779,2.31476706290103,0.0206256833822474,0.999647650132259
ENSG00000170464,DNAJC18,511.39570590887,338.649506586145,684.141905231595,1.01489543325859,0.515394918878023,1.96916072721078,0.0489346371307414,0.999647650132259
ENSG00000170498,KISS1,117.933265271202,180.489595884357,55.376934658046,-1.70711843714101,0.848792842026011,-2.01123095367562,0.0443010676963702,0.999647650132259
ENSG00000170703,TTLL6,39.0154564233009,19.3453537430945,58.6855591035074,1.60448490814084,0.795622836470765,2.01664008949019,0.0437330861945969,0.999647650132259
ENSG00000170779,CDCA4,3121.3553570584,4329.05072913294,1913.65998498385,-1.17779061449915,0.513047512578135,-2.29567551859005,0.0216944412400216,0.999647650132259
ENSG00000171051,FPR1,31.2779248896483,4.3158289978021,58.2400207814945,3.73255578341584,1.44969145183202,2.57472428267331,0.0100320021522722,0.999647650132259
ENSG00000171115,GIMAP8,16.7484729438464,0.807218177455135,32.6897277102377,5.26004876672704,2.23319817921686,2.35538825693098,0.0185033612323261,0.999647650132259
ENSG00000171450,CDK5R2,97.6045484428418,35.1181043575938,160.09099252809,2.18563790362425,1.0049631770477,2.17484376894788,0.0296418259037919,0.999647650132259
ENSG00000171992,SYNPO,2430.40283255479,1214.91957322454,3645.88609188504,1.5852183657435,0.576203111213706,2.75114509951954,0.00593873316304484,0.999647650132259
ENSG00000172403,SYNPO2,124.065607851298,19.5610995453727,228.570116157224,3.54004852020449,1.22728782329847,2.88444849936686,0.00392099886385823,0.999647650132259
ENSG00000172986,GXYLT2,505.584940322166,266.503125328459,744.666755315872,1.48260014171797,0.743410127460257,1.99432330412694,0.0461167340802702,0.999647650132259
ENSG00000173281,PPP1R3B,908.955232554746,379.194621583176,1438.71584352632,1.92424461881818,0.625232637888006,3.07764582686878,0.00208642726437481,0.999647650132259
ENSG00000173473,SMARCC1,4025.65419559196,5615.86756687718,2435.44082430673,-1.20532039618342,0.471217044956714,-2.55788793950385,0.0105310022069583,0.999647650132259
ENSG00000173542,MOB1B,1366.24529949306,1917.90924254401,814.581356442111,-1.23556588784215,0.520011397776998,-2.37603616598422,0.017499747496391,0.999647650132259
ENSG00000173598,NUDT4,1641.29109122985,2417.44382135237,865.138361107337,-1.48254117379255,0.487145283509842,-3.04332449471944,0.00233979878934311,0.999647650132259
ENSG00000173801,JUP,3528.71441952087,1329.30046962894,5728.1283694128,2.1072720648312,0.929338443719752,2.26749692651976,0.0233598864436701,0.999647650132259
ENSG00000174307,PHLDA3,503.874102957181,273.759861648964,733.988344265398,1.42231327731413,0.71400391137321,1.99202448986402,0.0463683709213292,0.999647650132259
ENSG00000175155,YPEL2,164.065323277908,68.7657550538359,259.36489150198,1.9189488760591,0.638199240032066,3.0068178645319,0.00263997886849892,0.999647650132259
ENSG00000175592,FOSL1,11003.8357768813,15345.585423543,6662.08613021954,-1.2037563436119,0.538085547953876,-2.23710959751532,0.0252791778460694,0.999647650132259
ENSG00000176018,LYSMD3,1147.96239348213,1747.56838311943,548.356403844819,-1.67248692567939,0.672669672861472,-2.48634209799409,0.0129063830841238,0.999647650132259
ENSG00000176697,BDNF,2342.73959384235,1328.92382475058,3356.55536293411,1.33697283282481,0.577908767099112,2.31346695004458,0.0206969798329628,0.999647650132259
ENSG00000176890,TYMS,1691.09839966719,2251.67201594865,1130.52478338573,-0.993969136725316,0.506513677839182,-1.9623737328588,0.0497189885885054,0.999647650132259
ENSG00000176912,TYMSOS,30.1093049711857,47.865843625784,12.3527663165874,-1.94846116585502,0.941869208805378,-2.06871734168521,0.0385726189068498,0.999647650132259
ENSG00000177076,ACER2,87.555822541129,50.5672362686758,124.544408813582,1.30056904051931,0.618568234497301,2.10254741188941,0.035505351017403,0.999647650132259
ENSG00000177138,FAM9B,29.3285379314857,5.68252339631008,52.9745524666614,3.22695521993925,1.12105846432921,2.87848967972433,0.00399584354803358,0.999647650132259
ENSG00000177692,DNAJC28,35.9817127990307,13.5389593685833,58.4244662294782,2.12085584305302,0.875104645716898,2.4235454050362,0.0153698317737302,0.999647650132259
ENSG00000178662,CSRNP3,53.2999870035132,27.0459225830424,79.5540514239839,1.55702082140151,0.737259952559093,2.11190207198555,0.0346948496410206,0.999647650132259
ENSG00000179841,AKAP5,333.945099554249,187.647143056434,480.243056052063,1.35683718621229,0.552782288995422,2.45455980269934,0.0141057200085859,0.999647650132259
ENSG00000180758,GPR157,1168.91986744102,513.959377311349,1823.8803575707,1.82676241874222,0.892938369094849,2.0457877967479,0.0407772531908999,0.999647650132259
ENSG00000180776,ZDHHC20,4007.46717374525,5501.05426056276,2513.88008692773,-1.12972465835327,0.523454502086545,-2.15820984221183,0.0309115205310761,0.999647650132259
ENSG00000181444,ZNF467,121.776720087659,60.381839014634,183.171601160684,1.60509164180775,0.675411360092882,2.37646527234457,0.0174794066753167,0.999647650132259
ENSG00000181450,ZNF678,300.361072791537,455.336870297423,145.385275285651,-1.64701737727161,0.516722012894051,-3.18743412545366,0.00143541150865235,0.999647650132259
ENSG00000182118,FAM89A,287.334120925125,444.391430670592,130.276811179658,-1.77109940313273,0.590108438692258,-3.00131177086312,0.00268819177558406,0.999647650132259
ENSG00000182481,KPNA2,12934.8498797915,18133.1319160571,7736.56784352584,-1.22884030334616,0.552677103114373,-2.22343262715528,0.0261866416738124,0.999647650132259
ENSG00000182551,ADI1,1532.00358384249,2277.19674642922,786.81042125576,-1.5329663680642,0.563473268650832,-2.72056626880402,0.00651702078463607,0.999647650132259
ENSG00000182903,ZNF721,450.603080422864,623.789956628672,277.416204217056,-1.16963793341447,0.581088390884055,-2.01283995991558,0.0441314685548389,0.999647650132259
ENSG00000183137,CEP57L1,526.454949550176,706.230882944179,346.679016156174,-1.02646550695516,0.498074064800437,-2.06086921503619,0.0393155189617342,0.999647650132259
ENSG00000183346,CABCOCO1,7.05344203416766,0,14.1068840683353,6.35373115973238,2.56010273519934,2.48182663624147,0.0130710851532438,0.999647650132259
ENSG00000183347,GBP6,20.6991317097659,0.807218177455135,40.5910452420767,5.5961253757841,2.78178807816896,2.01170082642226,0.0442514834550373,0.999647650132259
ENSG00000184182,UBE2F,268.333650603769,365.227827772212,171.439473435326,-1.09050958332837,0.553747191237126,-1.96932752090726,0.0489154928284864,0.999647650132259
ENSG00000184481,FOXO4,237.697177581036,126.973681492507,348.420673669565,1.45795481282525,0.658791790377586,2.21307374214488,0.026892562062155,0.999647650132259
ENSG00000184743,ATL3,4296.60470451065,5878.87534060564,2714.33406841566,-1.11499553659521,0.510856841711784,-2.18259881351314,0.0290653672451752,0.999647650132259
ENSG00000185129,PURA,2651.47537800677,3600.19945140914,1702.75130460441,-1.08020000926563,0.479740533022947,-2.25163382059685,0.0243454219598631,0.999647650132259
ENSG00000185630,PBX1,2111.617759403,433.517754152481,3789.71776465351,3.12782320056469,1.10574235577456,2.82870886172547,0.00467361938297781,0.999647650132259
ENSG00000186063,AIDA,1820.78587982072,2797.43149429363,844.140265347797,-1.72876596488915,0.659305793807043,-2.62210036849016,0.00873896904252748,0.999647650132259
ENSG00000186185,KIF18B,2397.86102309998,3358.09525162413,1437.62679457584,-1.22393390348326,0.584798430974808,-2.09291584699205,0.0363566673604259,0.999647650132259
ENSG00000186188,FFAR4,51.3320081880662,15.1533957234936,87.5106206526389,2.53286157170161,0.963712126191478,2.62823461785347,0.0085829296178905,0.999647650132259
ENSG00000186469,GNG2,690.437517789307,389.480939364405,991.394096214208,1.34879851752801,0.650092673075527,2.07477883291157,0.0380070372151154,0.999647650132259
ENSG00000187323,DCC,5.03511634880126,0,10.0702326976025,5.87098148847297,2.96255823434456,1.98172694815292,0.0475098094195565,0.999647650132259
ENSG00000187801,ZFP69B,78.010201628027,115.072927356367,40.947475899687,-1.49383737247437,0.736130008230053,-2.02931188210374,0.0424265338277573,0.999647650132259
ENSG00000188305,PEAK3,12.6672677409124,0.807218177455135,24.5273173043696,4.81193816568844,1.73841807260177,2.76799824019704,0.00564017602215954,0.999647650132259
ENSG00000188549,CCDC9B,3782.20787998206,5401.04468001029,2163.37107995383,-1.31985674175377,0.650421144309519,-2.02923406365413,0.0424344555829262,0.999647650132259
ENSG00000189195,BTBD8,239.863139798088,111.724297306641,368.001982289535,1.72043334477724,0.597791974493604,2.87797999669474,0.00400230516671414,0.999647650132259
ENSG00000196220,SRGAP3,140.835326275947,46.0836556997818,235.586996852111,2.35987717545804,0.860357633370121,2.74290258367806,0.00608987490450787,0.999647650132259
ENSG00000196417,ZNF765,204.805741315987,298.943605920694,110.667876711279,-1.43465404229877,0.578442617394773,-2.48020114555228,0.0131308285854349,0.999647650132259
ENSG00000196922,ZNF252P,814.188757924033,1346.28221625192,282.095299596143,-2.25415199003949,0.697340313666849,-3.23249917703224,0.00122712489314656,0.999647650132259
ENSG00000197020,ZNF100,302.007118742336,467.968052911763,136.046184572909,-1.78318563893971,0.670311071611446,-2.66023599260099,0.00780859177575027,0.999647650132259
ENSG00000197061,HIST1H4C,203.786738157641,288.177802303722,119.39567401156,-1.27159441275758,0.638449377090773,-1.99169183710675,0.046404879905219,0.999647650132259
ENSG00000197451,HNRNPAB,11415.1660889677,15374.8989594306,7455.4332185048,-1.04419273914827,0.517076095552075,-2.01941793119134,0.0434437993809984,0.999647650132259
ENSG00000197653,DNAH10,25.9336406394826,9.71861428358576,42.1486669953794,2.10250820357751,0.966459319893958,2.17547511860944,0.0295945306828025,0.999647650132259
ENSG00000198176,TFDP1,7162.94157813966,10432.9941219441,3892.88903433524,-1.42221266386629,0.513132412869994,-2.77162897567068,0.00557765710927336,0.999647650132259
ENSG00000198246,SLC29A3,707.455073299502,342.733591704607,1072.1765548944,1.64568493984521,0.519400431657739,3.16843198337895,0.00153263606173207,0.999647650132259
ENSG00000198258,UBL5,1706.54998423425,2422.39774752817,990.702220940322,-1.2901123321854,0.606492938303938,-2.127167936684,0.033406132173978,0.999647650132259
ENSG00000198393,ZNF26,394.982147839107,541.757209516308,248.207086161907,-1.12669886235022,0.553816715339449,-2.03442552588835,0.0419087103853656,0.999647650132259
ENSG00000198520,ARMH1,16.4824218637078,1.61443635491027,31.3504073725054,4.20641217526379,1.64527237079095,2.55666614837858,0.0105680589097977,0.999647650132259
ENSG00000198538,ZNF28,323.35715906551,453.598562964311,193.115755166708,-1.23259556419229,0.620140230510717,-1.9876078079585,0.0468550821037226,0.999647650132259
ENSG00000198677,TTC37,3096.45326242505,4150.64408395271,2042.2624408974,-1.02322784719468,0.497007082866887,-2.05877920550426,0.0395153945780498,0.999647650132259
ENSG00000198682,PAPSS2,3007.52004997839,4148.40937440133,1866.63072555545,-1.15203071674845,0.526876272795562,-2.18652988610755,0.0287768606431975,0.999647650132259
ENSG00000198743,SLC5A3,7161.9724185313,3360.46067394228,10963.4841631203,1.70605607349254,0.852480632022048,2.00128426313434,0.0453617646642962,0.999647650132259
ENSG00000198774,RASSF9,131.689826772931,66.5159657308579,196.863687815004,1.56911450441735,0.793618023799492,1.97716591277139,0.0480228792847653,0.999647650132259
ENSG00000198933,TBKBP1,336.642458447469,178.084395905173,495.200520989764,1.47625431703194,0.64828680809602,2.2771623586906,0.0227765320056713,0.999647650132259
ENSG00000203780,FANK1,53.1069433480312,25.6952262615965,80.5186604344658,1.6482972788538,0.783472574800159,2.10383532477092,0.0353928142281413,0.999647650132259
ENSG00000204131,NHSL2,1022.81747497604,263.864812041576,1781.7701379105,2.75482235861582,1.35041840463468,2.03997690579541,0.0413526259731535,0.999647650132259
ENSG00000204396,VWA7,44.380116871136,18.6620065438405,70.0982271984315,1.90949399422642,0.854060268763575,2.23578366078403,0.0253659457370475,0.999647650132259
ENSG00000204604,ZNF468,354.184523819179,534.97584539325,173.393202245108,-1.62608805292839,0.549053028817134,-2.96162295367278,0.00306022280759339,0.999647650132259
ENSG00000204616,TRIM31,12.5986763950434,3.50861082034696,21.6887419697399,2.60328645312809,1.27562903367532,2.04078645468546,0.041272057517821,0.999647650132259
ENSG00000204618,RNF39,203.055387039477,43.0984113080681,363.012362770887,3.07332445644456,1.35824500732977,2.26271728580584,0.0236531225582422,0.999647650132259
ENSG00000205129,C4orf47,6.80460455454786,0,13.6092091090957,6.30180732413075,2.62009044749579,2.40518693931113,0.0161641947845388,0.999647650132259
ENSG00000205436,EXOC3L4,50.622606378667,17.3871869694095,83.8580257879244,2.25599952233952,1.01859649701627,2.21481178165045,0.0267729862121619,0.999647650132259
ENSG00000206561,COLQ,9.63947103561802,1.89417446543669,17.3847676057993,3.20621733967686,1.60365946963641,1.99931307137405,0.0455744907482782,0.999647650132259
ENSG00000213420,GPC2,43.5949529399641,17.1714411671314,70.0184647127968,2.02936004951047,0.877961441478098,2.31144553010657,0.0208082585412145,0.999647650132259
ENSG00000213626,LBH,212.209833947741,50.3354923893356,374.084175506147,2.89455480914884,1.09359967927943,2.64681387896534,0.00812540601265371,0.999647650132259
ENSG00000214922,HLA-F-AS1,50.9446181453394,24.0647918296242,77.8244444610546,1.6919225997811,0.856209789358428,1.97606079819396,0.0481478916826301,0.999647650132259
ENSG00000215246,AC116351.1,10.7580702028119,1.08695628798156,20.4291841176422,4.32506208510436,1.89804583456606,2.2786921191991,0.022685373548978,0.999647650132259
ENSG00000219487,AL603766.1,8.26017928828809,15.525008658097,0.995349918479195,-3.93059875308805,1.93832798871617,-2.02782953967014,0.0425776483853903,0.999647650132259
ENSG00000223382,LINC01778,17.8619933861116,5.40278528578366,30.3212014864396,2.47756405061758,1.2515187278267,1.97964600571335,0.0477433196479535,0.999647650132259
ENSG00000223820,CFL1P1,5.09348310520655,0,10.1869662104131,5.88729624272518,2.78747501580546,2.11205345674605,0.0346818644664267,0.999647650132259
ENSG00000224897,POT1-AS1,46.25203816329,16.6119649460785,75.8921113805015,2.18473915774161,0.941964612987319,2.31934313414704,0.0203764383702014,0.999647650132259
ENSG00000225383,SFTA1P,77.9579635554462,126.49785281894,29.4180742919523,-2.10315961231521,0.822948032725137,-2.55564085298404,0.0105992453867572,0.999647650132259
ENSG00000226887,ERVMER34-1,135.09193204899,232.188581986145,37.995282111836,-2.60827221447625,0.94961973013199,-2.74664913934941,0.00602075052986823,0.999647650132259
ENSG00000228477,AL663070.1,4.59556710832852,9.19113421665705,0,-5.57006343752864,2.73672286616909,-2.03530416118667,0.0418202777403462,0.999647650132259
ENSG00000230092,AL669831.4,8.51480443062908,0.403609088727567,16.6259997725306,5.1843220579369,2.06213842447352,2.51405143146997,0.0119353026737694,0.999647650132259
ENSG00000230154,AC018463.1,5.68252339631008,11.3650467926202,0,-5.87472368189628,2.56952685283666,-2.28630561903286,0.0222363853899127,0.999647650132259
ENSG00000230699,AL645608.2,4.81336972975438,9.62673945950875,0,-5.63221585473162,2.83459127870181,-1.98695871854622,0.0469269717168451,0.999647650132259
ENSG00000231607,DLEU2,201.850142542538,309.913270901178,93.7870141838976,-1.72277549511215,0.697999375987533,-2.46816194165613,0.0135808863846498,0.999647650132259
ENSG00000233871,DLG5-AS1,39.6319170149063,12.4680011576638,66.7958328721488,2.43865519882488,0.95996038163522,2.54037067099666,0.0110735039394952,0.999647650132259
ENSG00000235863,B3GALT4,98.9323704320239,43.8777469696945,153.986993894353,1.81665861103161,0.745462461657234,2.43695518482984,0.0148115148787556,0.999647650132259
ENSG00000237595,AL161937.2,12.8678425347713,2.70139264289183,23.0342924266508,3.07582855576461,1.33033017961,2.31207906345951,0.0207733266951216,0.999647650132259
ENSG00000240747,KRBOX1,47.55321375015,75.6111114851425,19.4953160151576,-1.95014210123652,0.886845341987789,-2.19896526362245,0.0278803923409224,0.999647650132259
ENSG00000241081,RPL22P2,16.5904140896817,5.1390452523193,28.041782927044,2.45262392483493,1.10749814007397,2.21456256772686,0.0267901037009171,0.999647650132259
ENSG00000242125,SNHG3,606.716205589819,890.46357773816,322.968833441478,-1.46351894354989,0.738993892412506,-1.98042089194013,0.0476562543223752,0.999647650132259
ENSG00000242258,LINC00996,49.3043527449645,6.59761447490429,92.0110910150247,3.78543644384856,1.78427807242129,2.12155072819545,0.0338754837367321,0.999647650132259
ENSG00000247095,MIR210HG,87.8627393959389,46.3272840178887,129.398194773989,1.47790750861511,0.731263576475096,2.02103257451856,0.043276393162119,0.999647650132259
ENSG00000248409,AP000344.2,7.11336632036759,0,14.2267326407352,6.3691288668919,2.57615830796007,2.47233597687376,0.0134233296023549,0.999647650132259
ENSG00000250091,DNAH10OS,46.0860995435037,7.033219717756,85.1389793692515,3.6002590974393,1.07137618517915,3.36040612741199,0.000778279738103174,0.999647650132259
ENSG00000250282,AC002401.2,11.6188370514271,1.49056537670913,21.7471087261451,3.91358651331672,1.48707661170823,2.63173160179092,0.00849509442706322,0.999647650132259
ENSG00000250510,GPR162,66.5292576060943,34.0951403778605,98.9633748343282,1.54125552794995,0.688766777939566,2.23770306192843,0.0252404254566937,0.999647650132259
ENSG00000253395,AP003469.2,16.4698778940988,5.27891430758252,27.660841480615,2.40395263228272,1.11000177883897,2.16571962145608,0.0303326187200289,0.999647650132259
ENSG00000254004,ZNF260,471.323531739519,689.346494211926,253.300569267113,-1.44496004995345,0.601603184962421,-2.40184906940563,0.0163124373067105,0.999647650132259
ENSG00000254166,CASC19,402.037607103564,668.090511450213,135.984702756914,-2.29751350577624,0.760700736273944,-3.02025934276059,0.00252558326802357,0.999647650132259
ENSG00000255717,SNHG1,2203.8083736092,2994.50562908436,1413.11111813403,-1.08352754810161,0.54364949469041,-1.99306273377232,0.0462545780618518,0.999647650132259
ENSG00000257167,TMPO-AS1,198.643894246737,288.573640591979,108.714147901496,-1.40756334839058,0.635256809544459,-2.21573909518567,0.0267093757543771,0.999647650132259
ENSG00000257219,LINC02407,36.2678510869097,59.7743685623949,12.7613336114244,-2.23099569252885,0.848369104198958,-2.62974651185039,0.00854485560542914,0.999647650132259
ENSG00000257267,ZNF271P,339.116978270781,558.260845085128,119.973111456434,-2.21944651292201,0.72682696140077,-3.05361059893073,0.0022610536012022,0.999647650132259
ENSG00000261183,SPINT1-AS1,7.92554270393218,0.807218177455135,15.0438672304092,4.12425673650481,1.98205375573566,2.08079963753256,0.0374522493630951,0.999647650132259
ENSG00000267060,PTGES3L,69.3013857791333,26.6263154172528,111.976456141014,2.07033271831514,0.994629052464008,2.081512412277,0.0373870291810297,0.999647650132259
ENSG00000267480,AP001542.3,13.0528729765995,21.8908792536611,4.21486669953793,-2.37983389265183,1.19715159140761,-1.98791356895214,0.0468212497988408,0.999647650132259
ENSG00000267534,S1PR2,115.439451072231,65.3010248263797,165.577877318083,1.34193656396482,0.609169093589044,2.20289666381222,0.0276020328271536,0.999647650132259
ENSG00000267750,RUNDC3A-AS1,50.9234088286258,18.274395532175,83.5724221250765,2.20057470819609,0.937062381923983,2.34837589326535,0.0188554817131008,0.999647650132259
ENSG00000268001,CARD8-AS1,85.5355222630037,127.868660855744,43.2023836702638,-1.56642397995674,0.633749089730237,-2.47167846919276,0.0134480407714167,0.999647650132259
ENSG00000272049,AC091965.4,5.01974589480262,0,10.0394917896052,5.86422863098155,2.66884318677892,2.19729231752249,0.0279995759797553,0.999647650132259
ENSG00000272979,AC093388.1,12.8418051387023,24.6882603589253,0.995349918479195,-4.5929300058113,1.94136400301142,-2.36582629464995,0.0179898828471763,0.999647650132259
ENSG00000273301,AC016717.2,192.651684885402,77.4371800040355,307.866189766768,1.98823557368068,0.944790482735024,2.10441956181125,0.0353418645043366,0.999647650132259
ENSG00000274173,AL035661.1,5.75244540945802,0,11.504890818916,6.06299147866633,3.06455670035837,1.97842365845518,0.0478809329602255,0.999647650132259
ENSG00000275216,AL161431.1,2376.27305863029,3542.07929150947,1210.46682575111,-1.54898934612466,0.785289754962985,-1.97250675478082,0.0485517859710308,0.999647650132259
ENSG00000277287,AL109976.1,18.1623683339909,4.06808704139981,32.256649626582,3.02390255082405,1.25588379187041,2.40778849953983,0.0160494758535227,0.999647650132259
ENSG00000278705,HIST1H4B,8.80008869958359,16.4880939678774,1.11208343128977,-3.9269670637004,1.89035083819953,-2.07737473084132,0.0377669865673564,0.999647650132259
ENSG00000278727,AC000403.1,16.6691095061951,4.33182707486417,29.0063919375259,2.76004397003132,1.12813621508776,2.44655205029173,0.0144229970209618,0.999647650132259
ENSG00000278817,AC007325.4,7.28598748652873,0.403609088727567,14.1683658843299,4.96096318056576,2.31790239524467,2.14028131242433,0.0323320392924685,0.999647650132259
ENSG00000279103,AC138470.1,4.59580814596695,0,9.19161629193391,5.73888989587611,2.84775871511475,2.01523038641455,0.043880515066604,0.999647650132259
ENSG00000279283,AC131009.4,7.37601672419139,0,14.7520334483828,6.41964846300592,2.37896895301617,2.69850031244283,0.00696526725318649,0.999647650132259
ENSG00000279407,AC007191.1,92.5948615210165,32.8801994733824,152.309523568651,2.20456697900681,1.11721116085373,1.97327690257064,0.0484640229651725,0.999647650132259
ENSG00000279551,AC025263.3,4.59556710832852,9.19113421665705,0,-5.57006343752864,2.73672286616909,-2.03530416118667,0.0418202777403462,0.999647650132259
ENSG00000281398,SNHG4,640.941833362619,914.557165035852,367.326501689386,-1.31597262189071,0.641553949950516,-2.05122674716945,0.040244870300342,0.999647650132259
ENSG00000284691,AC073111.5,60.6362679807484,28.2567498492251,93.0157861122717,1.71788335609289,0.785549255091503,2.18685632372319,0.0287530142218672,0.999647650132259
ENSG00000285210,AL136382.1,5.50205040004357,0,11.0041008000871,5.99497614998113,2.94075900165583,2.03858124606797,0.0414918385137466,0.999647650132259
